fits_file,ra,dec,motion
Stacked_92_73 Leonis_10.0s_IRCUT_20250427-234644.fit,168.46616946020742,14.232761824685117,2.33616303966389
